ingredient_name,aliases,helps_with,caution_for,is_common_allergen,is_sensitivity_flag,is_strong_active,is_barrier_support,reason,source
niacinamide,"vitamin b3, nicotinamide","acne,oily,barrier","","false","false","false","true","Supports barrier function, reduces sebum, helps with acne","INCI Beauty; Paula's Choice Ingredient Dictionary"
salicylic acid,"bha, beta hydroxy acid","acne,oily","dry,sensitive","false","true","true","false","BHA exfoliant; effective for acne and pore clearing; can irritate dry/sensitive skin","INCI Beauty; Paula's Choice Ingredient Dictionary"
glycerin,"glycerol","hydration","","false","false","false","true","Humectant; attracts water to skin; excellent for hydration","INCI Beauty; Paula's Choice Ingredient Dictionary"
hyaluronic acid,"sodium hyaluronate, hyaluronate","hydration","","false","false","false","true","Humectant; holds 1000x weight in water; plumps skin","INCI Beauty; Paula's Choice Ingredient Dictionary"
ceramide np,"ceramide 3","barrier,dryness","","false","false","false","true","Skin-identical lipid; restores barrier; reduces water loss","INCI Beauty; Paula's Choice Ingredient Dictionary"
ceramide ap,"ceramide 6 ii","barrier,dryness","","false","false","false","true","Skin-identical lipid; restores barrier","INCI Beauty; Paula's Choice Ingredient Dictionary"
ceramide eop,"ceramide 1","barrier,dryness","","false","false","false","true","Skin-identical lipid; restores barrier","INCI Beauty; Paula's Choice Ingredient Dictionary"
zinc pca,"zinc pyrrolidone carboxylic acid","oil_control,acne","","false","false","false","false","Regulates sebum production; antimicrobial","INCI Beauty; Paula's Choice Ingredient Dictionary"
retinol,"vitamin a, retinyl palmitate","acne,anti_aging","dry,sensitive","false","true","true","false","Retinoid; increases cell turnover; effective for acne and aging; can irritate","INCI Beauty; Paula's Choice Ingredient Dictionary"
bakuchiol,"","acne,anti_aging","","false","false","false","true","Plant-based retinol alternative; less irritating; supports barrier","INCI Beauty; Paula's Choice Ingredient Dictionary"
squalane,"","hydration,barrier","","false","false","false","true","Emollient; mimics skin's natural squalane; non-comedogenic","INCI Beauty; Paula's Choice Ingredient Dictionary"
panthenol,"provitamin b5","hydration,barrier","","false","false","false","true","Humectant and soothing agent; supports barrier repair","INCI Beauty; Paula's Choice Ingredient Dictionary"
allantoin,"","hydration,sensitivity","","false","false","false","true","Soothing; promotes wound healing; good for sensitive skin","INCI Beauty; Paula's Choice Ingredient Dictionary"
colloidal oatmeal,"avenanthramides","hydration,sensitivity","","false","false","false","true","Anti-inflammatory; soothes irritated skin; FDA skin protectant","INCI Beauty; Paula's Choice Ingredient Dictionary"
green tea extract,"camellia sinensis leaf extract","acne,sensitivity","","false","false","false","true","Antioxidant; anti-inflammatory; soothes acne-prone skin","INCI Beauty; Paula's Choice Ingredient Dictionary"
fragrance,"parfum, perfume","","sensitive","false","true","false","false","Common irritant; can cause contact dermatitis in sensitive individuals","INCI Beauty; Paula's Choice Ingredient Dictionary"
essential oil,"lavender oil, tea tree oil, rose oil","","sensitive","false","true","false","false","Can be sensitizing; potential allergens; avoid for sensitive skin","INCI Beauty; Paula's Choice Ingredient Dictionary"
benzoyl peroxide,"bpo","acne","dry,sensitive","false","true","true","false","Antibacterial; effective for inflammatory acne; can bleach fabrics and irritate","INCI Beauty; Paula's Choice Ingredient Dictionary"
glycolic acid,"aha, alpha hydroxy acid","acne,anti_aging","dry,sensitive","false","true","true","false","AHA exfoliant; improves texture and acne; can irritate sensitive skin","INCI Beauty; Paula's Choice Ingredient Dictionary"
adapalene,"differin","acne","dry,sensitive","false","true","true","false","Third-generation retinoid; FDA-approved for acne; less irritating than tretinoin","INCI Beauty; Paula's Choice Ingredient Dictionary"
ceramides,"ceramide np, ceramide ap, ceramide eop","barrier,dryness","","false","false","false","true","Skin-identical lipids; essential for barrier function","INCI Beauty; Paula's Choice Ingredient Dictionary"
shea butter,"butyrospermum parkii butter","hydration","","false","false","false","true","Rich emollient; occlusive; good for dry skin","INCI Beauty; Paula's Choice Ingredient Dictionary"
dimethicone,"","hydration","","false","false","false","true","Silicone emollient; occlusive; smooths skin texture","INCI Beauty; Paula's Choice Ingredient Dictionary"
phenoxyethanol,"","","sensitive","false","false","false","false","Preservative; generally safe but can irritate very sensitive skin","INCI Beauty; Paula's Choice Ingredient Dictionary"
ethylhexylglycerin,"","","sensitive","false","false","false","false","Preservative booster; skin-conditioning agent","INCI Beauty; Paula's Choice Ingredient Dictionary"
tocopherol,"vitamin e","hydration,barrier","","false","false","false","true","Antioxidant; protects lipids from oxidation; skin-conditioning","INCI Beauty; Paula's Choice Ingredient Dictionary"