id,name,brand,ingredients_raw,skin_type_tags,concern_tags,age_notes,annotation_source,annotation_rationale,annotator,annotated_at
prod-1,CeraVe Foaming Facial Cleanser,CeraVe,"Water, Glycerin, Niacinamide, Ceramide NP, Ceramide AP, Ceramide EOP, Sodium Lauroyl Methyl Isethionate, Sodium Methyl Cocoyl Taurate, Sodium Chloride, Phenoxyethanol, Ethylhexylglycerin, Cholesterol, Phytosphingosine, Carbomer, Sodium Hyaluronate","normal,oily","acne,oil_control",,"INCI Beauty; CeraVe website","Brand describes as for normal-to-oily skin; contains niacinamide and ceramides for barrier support",KD,2026-09-25
prod-2,La Roche-Posay Toleriane Hydrating Gentle Cleanser,La Roche-Posay,"Water, Glycerin, Niacinamide, Ceramide NP, La Roche-Posay Prebiotic Thermal Water, Sodium Lauroyl Sarcosinate, Coco-Betaine, Sodium Chloride, Citric Acid, Caprylyl Glycol, Pentylene Glycol, Tocopherol","dry,normal,sensitive","hydration,sensitivity",,"La Roche-Posay website; INCI Beauty","Formulated for sensitive/dry skin; contains ceramides and niacinamide; fragrance-free",KD,2026-09-25
prod-3,The Ordinary Niacinamide 10% + Zinc 1%,The Ordinary,"Water, Niacinamide, Zinc PCA, Pentylene Glycol, Tamarindus Indica Seed Polysaccharide, Ethoxydiglycol, Carbomer, Sodium Hydroxide, Phenoxyethanol, Chlorphenesin","normal,oily","acne,oil_control",,"The Ordinary website; INCI Beauty","High niacinamide (10%) for oil control and acne; zinc PCA for sebum regulation",KD,2026-09-25
prod-4,Neutrogena Hydro Boost Water Gel,Neutrogena,"Water, Glycerin, Dimethicone, Dimethicone/Vinyl Dimethicone Crosspolymer, Olive Oil PEG-7 Esters, Sodium Hyaluronate, Carbomer, Aminomethyl Propanol, Phenoxyethanol, Ethylhexylglycerin, Blue 1","normal,oily,dry","hydration",,"Neutrogena website; INCI Beauty","Hyaluronic acid for hydration; oil-free, non-comedogenic; suitable for multiple skin types",KD,2026-09-25
prod-5,Paula's Choice Skin Perfecting 2% BHA Liquid Exfoliant,Paula's Choice,"Water, Butylene Glycol, Salicylic Acid, Sodium Hydroxide, Green Tea Extract, Methylpropanediol, Phenoxyethanol, Ethylhexylglycerin","normal,oily","acne,oil_control",,"Paula's Choice website; INCI Beauty","2% salicylic acid (BHA) for acne and pore clearing; green tea for soothing",KD,2026-09-25
prod-6,Cetaphil Gentle Skin Cleanser,Cetaphil,"Water, Cetyl Alcohol, Propylene Glycol, Sodium Lauryl Sulfate, Stearyl Alcohol, Methylparaben, Propylparaben, Butylparaben","dry,normal,sensitive","hydration,sensitivity",,"Cetaphil website; INCI Beauty","Classic gentle cleanser; fragrance-free; suitable for sensitive skin",KD,2026-09-25
prod-7,The Inkey List Retinol Serum,The Inkey List,"Water, Retinol, Squalane, Caprylic/Capric Triglyceride, Glycerin, Pentylene Glycol, Bakuchiol, Tocopherol, Phenoxyethanol, Ethylhexylglycerin","normal,oily","acne",,"The Inkey List website; INCI Beauty","Retinol for acne and anti-aging; squalane and bakuchiol for barrier support",KD,2026-09-25
prod-8,Vanilla Moisturizing Cream,Vanilla Co,"Water, Shea Butter, Glycerin, Cetyl Alcohol, Stearic Acid, Dimethicone, Phenoxyethanol, Ethylhexylglycerin, Fragrance","dry,normal","hydration",,"Vanilla Co website","Rich cream with shea butter for dry skin; contains fragrance",KD,2026-09-25
prod-9,EltaMD UV Clear Broad-Spectrum SPF 46,EltaMD,"Water, Cyclopentasiloxane, Zinc Oxide, Niacinamide, Sodium Hyaluronate, Tocopheryl Acetate, Dimethicone, Silica, Iron Oxides, Phenoxyethanol, Ethylhexylglycerin","normal,oily,sensitive","acne,hydration,sensitivity",,"EltaMD website; INCI Beauty","Zinc oxide sunscreen with niacinamide for acne-prone sensitive skin; hyaluronic acid for hydration",KD,2026-09-25
prod-10,First Aid Beauty Ultra Repair Cream,First Aid Beauty,"Water, Glycerin, Shea Butter, Allantoin, Colloidal Oatmeal, Ceramide NP, Squalane, Panthenol, Hyaluronic Acid, Phenoxyethanol, Ethylhexylglycerin","dry,normal,sensitive","hydration,sensitivity",,"First Aid Beauty website; INCI Beauty","Colloidal oatmeal and ceramides for barrier repair; fragrance-free for sensitive skin",KD,2026-09-25